Intel(R) Core(TM) i5-4310U CPU @ 2.00GHz,1342477995.0,895013976.0,Linux,x86_64,PyPy,2.7.10,2017-09-04 09:54:55.497470
Intel(R) Core(TM) i5-4310U CPU @ 2.00GHz,44923147.0,16861662.0,Linux,x86_64,CPython,3.5.2,2017-09-04 10:23:52.904123
Intel Xeon E312xx (Sandy Bridge),30325165.0,18340245.0,Linux,x86_64,CPython,2.7.12,2017-09-04 10:24:18.601942
"Intel64 Family 6 Model 61 Stepping 4, GenuineIntel",39953085.0,13712203.0,Windows,AMD64,CPython,3.6.1,2017-09-04 10:26:13.032456
armv8l,5971032.0,2178654.0,Linux,armv8l,CPython,3.2.2,2017-09-04 10:30:28.822903
Intel(R) Core(TM) i5-7400 CPU @ 3.00GHz,47908785.0,30059713.0,Linux,x86_64,CPython,2.7.12,2017-09-04 12:48:29.808935
Intel Xeon E312xx (Sandy Bridge),27055173.0,17862019.0,Linux,x86_64,CPython,2.7.12,2017-09-04 12:54:34.480845
Intel(R) Core(TM) i5-5200U CPU @ 2.20GHz,51722763.0,18407876.0,Linux,x86_64,CPython,3.4.3,2017-09-04 14:28:53.059224
Intel(R) Xeon(R) CPU @ 2.30GHz,21887512.0,15933202.0,Linux,x86_64,CPython,2.7.12,2017-09-04 14:57:03.412467
Intel(R) Xeon(R) CPU E5-2680 v3 @ 2.50GHz,20381080.0,14975859.0,Linux,x86_64,CPython,2.7.12,2017-09-04 14:58:35.715522
Intel(R) Core(TM) m3-6Y30 CPU @ 0.90GHz,31470340.0,18301991.0,Linux,x86_64,CPython,2.7.12,2017-09-04 16:42:13.501962
ARMv7 Processor rev 1 (v7l),10151721.0,3020516.0,Linux,armv7l,CPython,3.6.0,2017-09-04 18:04:52.565436
Intel(R) Core(TM) i5-6200U CPU @ 2.30GHz,43871534.0,14890400.0,Windows,AMD64,CPython,3.6.0,2017-09-04 18:48:14.697460
Intel(R) Core(TM) i7-6700K CPU @ 4.00GHz,67663019.0,22766727.0,Windows,AMD64,CPython,3.5.2,2017-09-04 21:36:42.162272
Intel(R) Pentium(R) CPU G4620 @ 3.70GHz,51216437.0,9031319.0,Windows,AMD64,CPython,3.6.2,2017-09-04 23:00:27.938803
Intel(R) Core(TM) i3-6100 CPU @ 3.70GHz,70511921.0,27627391.0,Linux,x86_64,CPython,3.6.2,2017-09-04 23:04:25.857184
ARMv7 Processor rev 4 (v7l),6717905.0,1596653.0,Linux,armv7l,CPython,2.7.9,2017-09-04 23:45:04.822958
Intel(R) Core(TM) i5-4310U CPU @ 2.00GHz,46115533.0,17090003.0,Linux,x86_64,CPython,3.5.2,2017-09-05 00:07:22.180746
Intel(R) Pentium(R)  CPU       E5300  @ 2.60GHz,15502879.0,4129792.0,FreeBSD,i386,CPython,2.7.13,2017-09-05 00:22:48.452471
Intel(R) Pentium(R) CPU G2010 @ 2.80GHz,30537120.0,19825131.0,Linux,x86_64,CPython,2.7.6,2017-09-05 00:25:58.389895
Intel(R) Core(TM) i7-4770HQ CPU @ 2.20GHz,37846672.0,13186376.0,Darwin,x86_64,CPython,3.6.1,2017-09-05 07:49:03.225126
Intel(R) Core(TM) i5-4310U CPU @ 2.00GHz,46389812.0,17898267.0,Linux,x86_64,CPython,3.5.2,2017-09-05 11:33:59.644940
Intel(R) Core(TM) i5-4310U CPU @ 2.00GHz,46366623.0,17791522.0,Linux,x86_64,CPython,3.5.2,2017-09-05 11:35:43.934348
Intel(R) Core(TM) i5 CPU       M 560  @ 2.67GHz,29977900.0,7926792.0,Windows,AMD64,CPython,3.5.2,2017-09-05 11:42:02.913206
"Intel64 Family 6 Model 58 Stepping 9, GenuineIntel",35256519.0,9903867.0,Windows,AMD64,CPython,2.7.13,2017-09-05 13:20:56.943952
"Intel64 Family 6 Model 158 Stepping 9, GenuineIntel",39809939.0,13579677.0,Windows,AMD64,CPython,2.7.0,2017-09-05 14:29:06.937056
Intel(R) Core(TM) i3-2310M CPU @ 2.10GHz,24139462.0,15273007.0,Linux,x86_64,CPython,2.7.6,2017-09-05 14:31:05.737421
Intel(R) Xeon(R) CPU E3-1230 v5 @ 3.40GHz,60142743.0,19729318.0,Windows,AMD64,CPython,3.5.2,2017-09-05 21:05:43.962245
Intel(R) Core(TM) i3-3217U CPU @ 1.80GHz,24405602.0,9709182.0,Linux,x86_64,CPython,3.5.2,2017-09-06 06:46:54.524269
Intel(R) Core(TM) i3-2310M CPU @ 2.10GHz,24493573.0,15537106.0,Linux,x86_64,CPython,2.7.6,2017-09-06 08:36:37.937984
Intel(R) Core(TM) i5-4310U CPU @ 2.00GHz,46384837.0,17759512.0,Linux,x86_64,CPython,3.5.2,2017-09-23 08:50:14.754823
Intel(R) Core(TM) i5-4310U CPU @ 2.00GHz,45191982.0,17182443.0,Linux,x86_64,CPython,3.5.2,2017-09-23 08:51:07.771054
Intel(R) Core(TM) i3-4030U CPU @ 1.90GHz,26688114.0,15894197.0,Linux,x86_64,CPython,2.7.12,2017-10-04 16:12:36.458210
Intel(R) Core(TM) i5-7200U CPU @ 2.50GHz,64416258.0,23702957.0,Linux,x86_64,CPython,3.6.2,2017-10-04 16:13:46.681472
Intel(R) Core(TM) i5-2540M CPU @ 2.60GHz,43659901.0,16473793.0,Linux,x86_64,CPython,3.5.3,2017-10-04 17:44:21.218760
Intel(R) Core(TM) i5-6200U CPU @ 2.30GHz,37113442.0,10926323.0,Windows,AMD64,CPython,3.6.2,2017-10-04 21:22:14.458887
Intel(R) Core(TM) i3-3110M CPU @ 2.40GHz,38790773.0,13745280.0,Linux,x86_64,CPython,3.6.2,2017-10-06 00:56:04.244738
Intel(R) Core(TM) i5-4310U CPU @ 2.00GHz,497411223.0,489573312.0,Linux,x86_64,PyPy,3.5.3,2017-10-06 11:02:42.089037
Intel(R) Core(TM) i3-3110M CPU @ 2.40GHz,29466383.0,16722966.0,Linux,x86_64,CPython,2.7.13,2017-10-10 00:13:36.517663
Intel(R) Core(TM) i7-6500U CPU @ 2.50GHz,64890960.0,21299083.0,Linux,x86_64,CPython,3.6.1,2017-10-11 14:34:43.703167
Intel(R) Core(TM) i7-6700 CPU @ 3.40GHz,53455284.0,15660516.0,Windows,AMD64,CPython,3.6.3,2017-11-04 16:46:08.467873
Intel(R) Xeon(R) CPU E5-2630 v2 @ 2.60GHz,39384278.0,15431545.0,Linux,x86_64,CPython,3.5.2,2017-11-19 14:33:01.555737
Intel(R) Core(TM) i3-4030U CPU @ 1.90GHz,29664176.0,11546963.0,Linux,x86_64,CPython,3.5.2,2017-11-19 14:34:02.514482
AMD Ryzen 5 1400 Quad-Core Processor,42243018.0,12667690.0,Windows,AMD64,CPython,3.6.3,2017-11-20 15:43:58.461243
Intel(R) Core(TM) i5-2430M CPU @ 2.40GHz,28295219.0,9293688.0,Windows,AMD64,CPython,3.6.3,2017-12-03 21:26:58.761091
Intel(R) Core(TM) i5-4250U CPU @ 1.30GHz,30366441.0,17423994.0,Darwin,x86_64,CPython,2.7.10,2017-12-04 01:22:06.085951
Intel(R) Core(TM) i3-3225 CPU @ 3.30GHz,37040815.0,11518825.0,Windows,AMD64,CPython,3.6.3,2017-12-07 11:13:49.449702
Intel(R) Core(TM) i5-2540M CPU @ 2.60GHz,32173049.0,20497715.0,Linux,x86_64,CPython,2.7.13,2017-12-08 09:48:34.869081
ARMv6-compatible processor rev 7 (v6l),839250.0,252418.0,Linux,armv6l,CPython,3.5.3,2018-03-09 22:39:11.871270
Intel(R) Core(TM) i5-4200U CPU @ 1.60GHz,40098851.0,16070622.0,Linux,x86_64,CPython,3.5.2,2018-03-09 22:50:52.226972
Intel(R) Core(TM) i5-2400 CPU @ 3.10GHz,34191487.0,20832463.0,Linux,x86_64,CPython,2.7.12,2018-03-12 14:49:16.276324
Intel(R) Core(TM) i7-4510U CPU @ 2.00GHz,37099059.0,11279060.0,Windows,AMD64,CPython,3.6.4,2018-03-28 06:10:39.739008
Intel(R) Core(TM) i5-7267U CPU @ 3.10GHz,47453856.0,25622050.0,Darwin,x86_64,CPython,2.7.10,2018-03-28 13:10:26.824188
"x86 Family 15 Model 6 Stepping 5, GenuineIntel",13855341.0,3360432.0,Windows,x86,CPython,2.7.14,2018-03-28 15:26:48.405926
Intel(R) Core(TM) i7-3740QM CPU @ 2.70GHz,41399465.0,25747406.0,Linux,x86_64,CPython,2.7.12,2018-04-06 19:08:53.453282
Intel(R) Pentium(R) Dual  CPU  E2160  @ 1.80GHz,18488567.0,7177474.0,Linux,x86_64,CPython,3.6.4,2018-04-09 09:12:07.533455
Intel(R) Core(TM) i5-7267U CPU @ 3.10GHz,47691810.0,28167461.0,Darwin,x86_64,CPython,2.7.10,2018-04-10 09:19:05.497305
Intel(R) Core(TM) i5-2540M CPU @ 2.60GHz,27516133.0,8509669.0,Linux,x86_64,CPython,3.5.4,2018-04-14 11:26:56.881799
Intel(R) Core(TM) i5-4310U CPU @ 2.00GHz,46855751.0,18013151.0,Linux,x86_64,CPython,3.5.2,2018-04-27 07:29:22.214422
Intel(R) Core(TM) i3-3240 CPU @ 3.40GHz,46171044.0,18390932.0,Linux,x86_64,CPython,3.5.2,2018-04-27 12:10:14.807078
Intel(R) Core(TM) i5-2450M CPU @ 2.50GHz,44264996.0,13832594.0,Linux,x86_64,CPython,3.6.3,2018-04-27 16:50:56.840531
"Intel64 Family 6 Model 42 Stepping 7, GenuineIntel",32655197.0,8116963.0,Windows,AMD64,CPython,2.7.13,2018-04-27 18:03:48.751252
Intel(R) Core(TM) i3-4010U CPU @ 1.70GHz,19327215.0,6093791.0,Windows,AMD64,CPython,3.6.4,2018-04-28 09:46:35.338058
Intel(R) Core(TM) i7-7700 CPU @ 3.60GHz,51145290.0,15911693.0,Windows,AMD64,CPython,3.6.5,2018-04-28 13:48:09.879697
Intel(R) Core(TM) i3-4010U CPU @ 1.70GHz,20264798.0,6064917.0,Windows,AMD64,CPython,3.6.4,2018-04-30 22:28:03.402082
Intel(R) Core(TM) i7-2820QM CPU @ 2.30GHz,37945140.0,22499699.0,Linux,x86_64,CPython,2.7.12,2018-05-08 20:38:59.348297
Intel(R) Xeon(R) CPU E5-2670 0 @ 2.60GHz,33774005.0,15373813.0,Linux,x86_64,CPython,3.5.2,2018-05-17 09:31:08.997388
Intel(R) Core(TM) i3-4030U CPU @ 1.90GHz,33565571.0,12374740.0,Linux,x86_64,CPython,3.6.5,2018-05-17 09:32:35.172114
Intel(R) Xeon(R) CPU           E5520  @ 2.27GHz,30554479.0,10864744.0,Linux,x86_64,CPython,3.6.5,2018-05-30 19:05:23.273841
Intel(R) Pentium(R) CPU G2030 @ 3.00GHz,32770771.0,8281061.0,Windows,AMD64,CPython,3.6.5,2018-06-06 09:51:26.684203
Intel(R) Core(TM) i7-4770HQ CPU @ 2.20GHz,47460836.0,23525573.0,Darwin,x86_64,CPython,2.7.15,2018-06-11 11:54:15.886004
Intel(R) Core(TM) i3-4005U CPU @ 1.70GHz,30884236.0,10131041.0,Linux,x86_64,CPython,3.4.3,2018-06-11 22:15:00.673913
Intel(R) Core(TM) i3-4010U CPU @ 1.70GHz,20327483.0,5993226.0,Windows,AMD64,CPython,3.6.4,2018-06-11 22:17:42.835780
"Intel64 Family 6 Model 158 Stepping 9, GenuineIntel",39116599.0,13730583.0,Windows,AMD64,CPython,2.7.15,2018-06-14 16:34:08.054759
Intel(R) Core(TM) i5-7200U CPU @ 2.50GHz,42364808.0,12210401.0,Windows,AMD64,CPython,3.6.4,2018-06-16 20:33:47.088805
Intel(R) Core(TM) i5-7267U CPU @ 3.10GHz,48230348.0,25575492.0,Darwin,x86_64,CPython,2.7.10,2018-06-18 21:50:49.322777
Intel(R) Core(TM) i3-3217U CPU @ 1.80GHz,18453573.0,7360531.0,Linux,i686,CPython,3.6.5,2018-07-12 19:29:55.293892
Intel(R) Core(TM) i5-7200U CPU @ 2.50GHz,63052338.0,21774961.0,Linux,x86_64,CPython,3.6.5,2018-07-12 19:30:33.382283
Intel(R) Core(TM) i5-6400 CPU @ 2.70GHz,41787390.0,11862223.0,Windows,AMD64,CPython,3.6.2,2018-07-12 22:58:01.724946
AMD Ryzen 5 1600 Six-Core Processor,43950724.0,17359507.0,Windows,AMD64,CPython,3.6.5,2018-07-14 10:42:21.490294
Intel(R) Core(TM) i5-8400 CPU @ 2.80GHz,45125335.0,13634808.0,Windows,AMD64,CPython,3.7.0,2018-07-22 05:54:01.197698
Intel(R) Core(TM) i7-4702MQ CPU @ 2.20GHz,43876138.0,15733356.0,Windows,AMD64,CPython,3.6.5,2018-07-26 00:01:10.136082
Intel(R) Core(TM) i3-5010U CPU @ 2.10GHz,34278033.0,12802541.0,Linux,x86_64,CPython,3.7.0,2018-08-05 09:28:13.145229
Intel(R) Core(TM) i7-6700HQ CPU @ 2.60GHz,34004795.0,10226029.0,Windows,AMD64,CPython,3.7.0,2018-08-14 19:39:18.568433
Intel(R) Xeon(R) CPU @ 2.30GHz,53682291.0,19234744.0,Linux,x86_64,CPython,3.6.5,2018-08-14 22:12:13.161125
Intel(R) Core(TM) i3-4150 CPU @ 3.50GHz,35249966.0,11293348.0,Windows,AMD64,CPython,3.7.0,2018-08-23 09:35:35.198494
Intel(R) Core(TM) i5-8265U CPU @ 1.60GHz,52455027.0,32308114.0,Linux,x86_64,CPython,2.7.15+,2019-11-06 16:00:00.733280
Intel(R) Core(TM) i5-8265U CPU @ 1.60GHz,32033893.0,11485305.0,Linux,x86_64,CPython,3.6.8,2019-11-06 16:05:36.813175
Intel(R) Core(TM) i7-9700K CPU @ 3.60GHz,98023935.0,33875546.0,Linux,x86_64,CPython,3.6.8,2019-11-07 04:11:52.966683
Intel(R) Core(TM) i7-4810MQ CPU @ 2.80GHz,52718981.0,9775830.0,Windows,AMD64,CPython,3.6.5,2019-11-07 05:07:03.659610
Intel(R) Core(TM) i3-8100 CPU @ 3.60GHz,40756937.0,13381739.0,Windows,AMD64,CPython,3.7.2,2019-11-07 07:06:19.684380
Intel(R) Core(TM) i5-8350U CPU @ 1.70GHz,58366550.0,20969704.0,Windows,AMD64,CPython,3.7.3,2019-11-07 08:44:15.339053
Intel(R) Core(TM) i5-8350U CPU @ 1.70GHz,59614650.0,20698020.0,Windows,AMD64,CPython,3.7.0,2019-11-08 02:46:49.901321
Intel(R) Xeon(R) CPU           X5680  @ 3.33GHz,21818914.0,8362604.0,Linux,x86_64,CPython,3.7.5rc1,2019-11-12 07:47:22.671172
Intel(R) Core(TM) i5-8265U CPU @ 1.60GHz,73064976.0,27315511.0,Linux,x86_64,CPython,3.6.8,2019-11-26 04:58:46.303211
AMD Ryzen 7 2700 Eight-Core Processor,40884411.0,10936754.0,Windows,AMD64,CPython,3.8.0,2019-11-27 01:54:00.498890
Intel(R) Core(TM) i5-3330 CPU @ 3.00GHz,28751081.0,9318674.0,Windows,AMD64,CPython,3.8.0,2019-11-27 01:59:21.438173
Intel(R) Core(TM) i5-8265U CPU @ 1.60GHz,73401380.0,27489368.0,Linux,x86_64,CPython,3.6.8,2019-12-08 08:28:37.239907
Intel(R) Core(TM) i3-8100 CPU @ 3.60GHz,72080737.0,25558347.0,Linux,x86_64,CPython,3.6.8,2019-12-09 09:48:00.900801
,14019490.0,3994615.0,Linux,aarch64,CPython,3.8.0,2019-12-15 04:39:12.545695
Intel(R) Core(TM) i3-8100 CPU @ 3.60GHz,43276179.0,13649920.0,Windows,AMD64,CPython,3.7.2,2019-12-17 04:33:46.688706
amd64,10481473.0,4381870.0,OpenBSD,amd64,CPython,3.7.4,2019-12-19 10:39:52.797847
Intel(R) Core(TM) i7-6500U CPU @ 2.50GHz,54938845.0,20691339.0,Linux,x86_64,CPython,3.6.9,2019-12-23 15:22:30.382590
Intel(R) Core(TM) i7-8750H CPU @ 2.20GHz,77460095.0,28160627.0,Linux,x86_64,CPython,3.6.9,2019-12-30 03:00:17.066476
Intel(R) Core(TM) i7-9750H CPU @ 2.60GHz,57123924.0,20464796.0,Windows,AMD64,CPython,3.7.4,2020-01-04 02:33:09.957996
Intel(R) Core(TM) i5-7200U CPU @ 2.50GHz,34712097.0,11376163.0,Windows,AMD64,CPython,3.8.0,2020-01-04 16:29:50.349941
Intel(R) Core(TM) i7-9700 CPU @ 3.00GHz,92394935.0,31366455.0,Linux,x86_64,CPython,3.7.5,2020-01-08 02:46:22.793397
Intel(R) Core(TM) i5-8265U CPU @ 1.60GHz,69860156.0,26052985.0,Linux,x86_64,CPython,3.6.9,2020-01-09 11:59:28.834196
Intel(R) Core(TM) i5-5300U CPU @ 2.30GHz,24762291.0,9286191.0,Linux,x86_64,CPython,3.6.9,2020-01-09 11:59:56.124485
Intel(R) Core(TM) i3-5010U CPU @ 2.10GHz,39063867.0,13849600.0,Linux,x86_64,CPython,3.6.8,2020-01-09 12:00:05.622948
Intel(R) Core(TM) i3-8130U CPU @ 2.20GHz,30548996.0,7297485.0,Windows,AMD64,CPython,3.8.0,2020-01-09 12:00:11.520087
Intel(R) Core(TM) i5-5250U CPU @ 1.60GHz,49740788.0,18110553.0,Linux,x86_64,CPython,3.6.9,2020-01-09 12:00:26.432380
Intel(R) Core(TM) i5-4200M CPU @ 2.50GHz,51222661.0,19757225.0,Linux,x86_64,CPython,3.6.9,2020-01-09 12:00:35.949150
Intel(R) Core(TM) i5-6360U CPU @ 2.00GHz,47243261.0,24333849.0,Darwin,x86_64,CPython,2.7.10,2020-01-09 18:04:59.898458
Intel(R) Core(TM) i3-8100 CPU @ 3.60GHz,72591044.0,26065183.0,Linux,x86_64,CPython,3.6.9,2020-01-10 01:54:50.293661
Intel(R) Core(TM) i5-6300U CPU @ 2.40GHz,32918557.0,10929607.0,Windows,AMD64,CPython,3.8.1,2020-01-10 01:57:18.426147
Intel(R) Core(TM) i5-3450 CPU @ 3.10GHz,54961189.0,20468486.0,Linux,x86_64,CPython,3.6.9,2020-01-10 03:45:17.996105
Intel(R) Core(TM) i5-6300U CPU @ 2.40GHz,31928880.0,10754518.0,Windows,AMD64,CPython,3.8.1,2020-02-20 06:03:36.064187
Intel(R) Core(TM) i5-6300U CPU @ 2.40GHz,31229449.0,10231043.0,Windows,AMD64,CPython,3.8.1,2020-02-20 07:29:06.330127
Intel(R) Core(TM) i5-8265U CPU @ 1.60GHz,67288610.0,26183407.0,Linux,x86_64,CPython,3.6.9,2020-02-20 16:01:49.174745
Intel(R) Core(TM) i7-8700 CPU @ 3.20GHz,77108564.0,29345923.0,Linux,x86_64,CPython,3.6.9,2020-02-27 04:04:32.576925
Intel(R) Pentium(R) CPU G4400 @ 3.30GHz,38543071.0,11269015.0,Windows,AMD64,CPython,3.7.0,2020-03-05 01:32:37.975028
"Intel64 Family 6 Model 158 Stepping 11, GenuineIntel",40036833.0,14954702.0,Windows,AMD64,CPython,2.7.17,2020-04-15 07:11:55.709918
Intel(R) Xeon(R) CPU E5-2696 v3 @ 2.30GHz,33206043.0,13103583.0,Windows,AMD64,CPython,3.8.2,2020-05-21 12:04:48.974658
AMD Ryzen 5 1600 Six-Core Processor,73473172.0,26585313.0,Linux,x86_64,CPython,3.8.2,2020-05-21 23:50:28.948969
Intel(R) Core(TM) i9-9880H CPU @ 2.30GHz,57005867.0,20288895.0,Darwin,x86_64,CPython,3.7.4,2020-05-22 11:15:44.117501
AMD Ryzen 5 1600 Six-Core Processor,72244657.0,26514422.0,Linux,x86_64,CPython,3.8.2,2020-05-22 14:20:47.003848
Intel(R) Core(TM) i5-8350U CPU @ 1.70GHz,56016132.0,19223708.0,Windows,AMD64,CPython,3.7.3,2020-05-22 14:34:52.713533
Intel(R) Core(TM) i3-4030U CPU @ 1.90GHz,19776441.0,11019188.0,Linux,x86_64,CPython,3.6.9,2020-05-22 14:39:37.883445
Intel(R) Core(TM) i7-4770K CPU @ 3.50GHz,47632774.0,29504730.0,Linux,x86_64,CPython,2.7.17,2020-06-04 03:42:12.118233
Intel(R) Core(TM) i7-8750H CPU @ 2.20GHz,45398416.0,23510161.0,Windows,AMD64,CPython,3.6.7,2020-06-07 13:51:47.912058
Intel(R) Core(TM) i7-7600U CPU @ 2.80GHz,75672261.0,24624813.0,Linux,x86_64,CPython,3.8.2,2020-06-21 06:31:39.664025
Intel(R) Xeon(R) CPU @ 2.20GHz,47338136.0,17980851.0,Linux,x86_64,CPython,3.6.9,2020-06-22 03:36:18.194042
AMD Ryzen 5 3600 6-Core Processor,77401178.0,27957091.0,Windows,AMD64,CPython,3.8.3,2020-07-07 01:00:06.933354
Intel(R) Core(TM) i5-6198DU CPU @ 2.30GHz,49566931.0,18801707.0,Linux,x86_64,CPython,3.6.9,2020-07-09 12:20:02.708242
Intel(R) Core(TM) i3-4160 CPU @ 3.60GHz,68446780.0,24962981.0,Linux,x86_64,CPython,3.8.2,2020-07-09 12:21:14.748802
Intel(R) Core(TM) i5-8259U CPU @ 2.30GHz,56340402.0,19583365.0,Darwin,x86_64,CPython,3.7.3,2020-07-11 07:08:58.312393
Intel(R) Core(TM) i5-5300U CPU @ 2.30GHz,52579514.0,18471434.0,Linux,x86_64,CPython,3.6.9,2020-07-11 07:11:14.845528
Intel(R) Core(TM) i3-8100 CPU @ 3.60GHz,55770890.0,21363048.0,Linux,x86_64,CPython,3.8.3,2020-07-18 08:30:45.402607
Intel(R) Core(TM) i5-8250U CPU @ 1.60GHz,67541445.0,23472314.0,Linux,x86_64,CPython,3.8.2,2020-07-22 17:10:23.062621
Intel(R) Core(TM) i5-6200U CPU @ 2.30GHz,47164351.0,18258078.0,Linux,x86_64,CPython,3.6.9,2020-08-27 00:28:02.925788
Intel(R) Core(TM) i5-6200U CPU @ 2.30GHz,44479874.0,17220938.0,Linux,x86_64,CPython,3.6.9,2020-08-27 03:22:06.191224
Intel(R) Core(TM) i7-8850H CPU @ 2.60GHz,58441254.0,19972079.0,Windows,AMD64,CPython,3.7.5,2020-09-04 03:05:20.933969
Intel(R) Core(TM) i7-9700 CPU @ 3.00GHz,76145803.0,26902620.0,Windows,AMD64,CPython,3.7.6,2020-09-04 03:09:58.392694
Intel(R) Core(TM) i7-6500U CPU @ 2.50GHz,49406632.0,17680524.0,Windows,AMD64,CPython,3.6.5,2020-09-04 07:41:10.402286
Intel(R) Core(TM) i7-8550U CPU @ 1.80GHz,67083802.0,26239217.0,Linux,x86_64,CPython,3.6.9,2020-09-12 08:29:32.459472
Intel(R) Core(TM) i5-3437U CPU @ 1.90GHz,27873377.0,8305760.0,Windows,AMD64,CPython,3.8.5,2020-10-08 00:29:13.651417
Intel(R) Core(TM) i3-8100T CPU @ 3.10GHz,13763720.0,5515561.0,Linux,x86_64,CPython,3.8.5,2020-10-08 08:47:19.004052
Intel(R) Core(TM) i3-8100T CPU @ 3.10GHz,13798173.0,5534169.0,Linux,x86_64,CPython,3.8.5,2020-10-08 08:50:31.243780
Intel(R) Core(TM) i7-8850H CPU @ 2.60GHz,61738684.0,20591596.0,Windows,AMD64,CPython,3.7.5,2020-10-14 06:33:09.238097
Intel(R) Core(TM) i7-9750H CPU @ 2.60GHz,86720490.0,32513981.0,Linux,x86_64,CPython,3.8.5,2020-11-10 13:34:00.166800
Intel(R) Core(TM) i3-4150 CPU @ 3.50GHz,37192173.0,11893942.0,Windows,AMD64,CPython,3.7.1,2020-11-13 04:35:54.240524
Intel(R) Core(TM) i7-4500U CPU @ 1.80GHz,57739134.0,21564660.0,Linux,x86_64,CPython,3.8.5,2020-11-28 20:13:00.858117
Intel(R) Core(TM) i5-1035G1 CPU @ 1.00GHz,94839048.0,33783977.0,Linux,x86_64,CPython,3.8.2,2020-12-15 12:21:45.528206
Intel(R) Core(TM) i7-5500U CPU @ 2.40GHz,53260524.0,19017728.0,Linux,x86_64,CPython,3.6.9,2020-12-15 12:21:47.473939
Intel(R) Xeon(R) Silver 4214 CPU @ 2.20GHz,46731622.0,23415085.0,Linux,x86_64,CPython,3.8.2,2020-12-15 12:22:15.557862
AMD EPYC Processor (with IBPB),31035874.0,11083364.0,Linux,x86_64,CPython,3.8.5,2020-12-30 11:16:09.865424
amd64,8651702.0,3736773.0,OpenBSD,amd64,CPython,3.8.6,2021-01-23 09:27:04.186174
Intel(R) Core(TM) i5-6200U CPU @ 2.30GHz,23078752.0,6708222.0,Linux,x86_64,CPython,3.6.9,2021-01-28 12:05:05.041454
Intel(R) Core(TM) i7-4750HQ CPU @ 2.00GHz,12961930.0,4741662.0,Windows,AMD64,CPython,3.8.7,2021-01-28 12:08:10.919792
Intel(R) Core(TM) i7-8700K CPU @ 3.70GHz,66153316.0,23834322.0,Windows,AMD64,CPython,3.7.1,2021-01-29 18:06:38.589873
Intel(R) Core(TM) i3-1000NG4 CPU @ 1.10GHz,50696177.0,18194890.0,Darwin,x86_64,CPython,3.9.1,2021-01-31 06:52:58.471896
AMD Athlon 200GE with Radeon Vega Graphics,61960172.0,21790860.0,Windows,AMD64,CPython,3.9.1,2021-02-16 05:54:54.138013
AMD Athlon 200GE with Radeon Vega Graphics,30619431.0,9184878.0,Windows,AMD64,CPython,3.9.0,2021-02-18 08:54:07.977852
amd64,513064709.0,403414831.0,OpenBSD,amd64,PyPy,2.7.13,2021-02-26 17:15:41.993385
Intel(R) Core(TM) i7-8550U CPU @ 1.80GHz,65043865.0,25585622.0,Linux,x86_64,CPython,3.6.9,2021-03-02 10:08:48.458282
Intel(R) Core(TM) i3-3110M CPU @ 2.40GHz,23850002.0,6976101.0,Windows,AMD64,CPython,3.8.5,2021-03-03 08:55:01.681055
Intel(R) Core(TM) i7-8550U CPU @ 1.80GHz,75280361.0,26097339.0,Linux,x86_64,CPython,3.8.5,2021-03-12 17:11:54.014999
Intel(R) Core(TM) i3-3217U CPU @ 1.80GHz,28473916.0,10397057.0,Linux,x86_64,CPython,3.6.9,2021-04-19 09:44:16.306926
Intel(R) Core(TM) i5-8300H CPU @ 2.30GHz,71233275.0,27406508.0,Linux,x86_64,CPython,3.6.9,2021-04-20 02:56:18.254119
Intel(R) Core(TM) i5-8265U CPU @ 1.60GHz,69779288.0,23459943.0,Linux,x86_64,CPython,3.8.5,2021-04-20 12:22:25.108231
Intel(R) Core(TM) i3-3217U CPU @ 1.80GHz,27857426.0,10269223.0,Linux,x86_64,CPython,3.6.9,2021-04-20 12:22:29.058611
Intel(R) Core(TM) i5-5257U CPU @ 2.70GHz,41417533.0,15729333.0,Darwin,x86_64,CPython,3.9.4,2021-04-20 12:23:06.932650
Intel(R) Core(TM) i5-8250U CPU @ 1.60GHz,46657701.0,16240945.0,Linux,x86_64,CPython,3.8.5,2021-04-20 12:23:16.091398
Intel(R) Core(TM) i7-8750H CPU @ 2.20GHz,77389198.0,26847223.0,Windows,AMD64,CPython,3.9.1,2021-04-20 12:24:31.943704
Intel(R) Core(TM) i3-3217U CPU @ 1.80GHz,27835580.0,10361919.0,Linux,x86_64,CPython,3.6.9,2021-04-26 16:21:10.064849
Intel(R) Core(TM) i5-8250U CPU @ 1.60GHz,44581354.0,15695898.0,Linux,x86_64,CPython,3.8.5,2021-05-23 08:28:19.023571
Intel(R) Xeon(R) CPU @ 2.30GHz,48751120.0,19196782.0,Linux,x86_64,CPython,3.6.13,2021-05-23 10:22:01.463102
Intel(R) Xeon(R) CPU @ 2.30GHz,48930195.0,19195978.0,Linux,x86_64,CPython,3.6.13,2021-05-24 03:58:50.089015
Intel(R) Core(TM) i7-8550U CPU @ 1.80GHz,80320917.0,26988348.0,Linux,x86_64,CPython,3.8.5,2021-06-11 13:42:19.725108
11th Gen Intel(R) Core(TM) i5-1135G7 @ 2.40GHz,88624983.0,28664054.0,Windows,AMD64,CPython,3.9.5,2021-06-13 13:31:34.183207
Intel(R) Core(TM) i5-8265U CPU @ 1.60GHz,71491110.0,24568669.0,Linux,x86_64,CPython,3.8.5,2021-06-16 16:28:59.454186
Intel(R) Core(TM) i5-8400 CPU @ 2.80GHz,66152004.0,24189822.0,Windows,AMD64,CPython,3.9.5,2021-07-15 08:53:43.987517
Intel(R) Core(TM) i7-5557U CPU @ 3.10GHz,41737746.0,15476104.0,Darwin,x86_64,CPython,3.8.8,2021-07-20 12:29:54.139567
Intel(R) Core(TM) i5-8265U CPU @ 1.60GHz,68704218.0,24851761.0,Linux,x86_64,CPython,3.8.10,2021-07-20 12:37:24.622730
Intel(R) Core(TM) i5-3210M CPU @ 2.50GHz,47780879.0,17277109.0,Windows,AMD64,CPython,3.8.8,2021-07-20 12:37:37.667643
Intel(R) Core(TM) i3-3217U CPU @ 1.80GHz,27887712.0,9746846.0,Linux,x86_64,CPython,3.8.10,2021-07-20 12:37:55.276225
Intel(R) Core(TM) i5-6300U CPU @ 2.40GHz,31636739.0,20394855.0,Linux,x86_64,CPython,2.7.18,2021-07-20 12:38:03.170684
Intel(R) Core(TM) i5-2467M CPU @ 1.60GHz,22742031.0,8244970.0,Linux,x86_64,CPython,3.8.10,2021-07-20 12:39:56.738568
Intel(R) Core(TM) i5-8250U CPU @ 1.60GHz,55397058.0,18673892.0,Windows,AMD64,CPython,3.8.2,2021-07-20 12:40:05.356899
Intel(R) Core(TM) i7-4600M CPU @ 2.90GHz,60892910.0,22217636.0,Linux,x86_64,CPython,3.8.10,2021-07-20 12:45:28.948378
Intel(R) Core(TM) i7-10510U CPU @ 1.80GHz,86217413.0,29668254.0,Linux,x86_64,CPython,3.8.10,2021-07-31 16:50:15.416889
AMD Ryzen 3 4300U with Radeon Graphics,78217608.0,30330196.0,Linux,x86_64,CPython,3.8.10,2021-08-07 09:35:04.200914
Apple M1,94419041.0,34310711.0,Darwin,arm64,CPython,3.9.6,2021-08-12 12:24:32.468710
Intel(R) Core(TM) i5-4300U CPU @ 1.90GHz,51733592.0,17792106.0,Windows,AMD64,CPython,3.9.6,2021-08-13 10:02:15.860830
Apple M1,96886710.0,34363178.0,Darwin,arm64,CPython,3.9.6,2021-08-27 20:47:52.652903
aarch64,35733846.0,14416881.0,Linux,aarch64,CPython,3.7.10,2021-09-15 14:19:58.140303
Intel(R) Core(TM) i3 CPU         550  @ 3.20GHz,37482202.0,13848469.0,Windows,AMD64,CPython,3.8.5,2021-09-17 11:06:23.335647
Intel(R) Xeon(R) CPU @ 2.20GHz,46856908.0,16663583.0,Linux,x86_64,CPython,3.8.5,2021-09-17 11:07:37.098862
Intel(R) Xeon(R) CPU E5-2678 v3 @ 2.50GHz,45957571.0,15849091.0,Windows,AMD64,CPython,3.9.6,2021-09-23 10:33:56.331233
Intel(R) Core(TM) i5-8265U CPU @ 1.60GHz,61035957.0,21246602.0,Linux,x86_64,CPython,3.8.10,2021-11-09 12:43:51.987397
Apple M1,50089324.0,21317094.0,Darwin,x86_64,CPython,3.8.8,2021-11-09 12:44:52.756474
"AMD A10-9600P RADEON R5, 10 COMPUTE CORES 4C+6G",31581507.0,11767973.0,Windows,AMD64,CPython,3.10.0,2021-11-09 12:44:57.886099
Intel(R) Core(TM) i5-10210U CPU @ 1.60GHz,64364560.0,23302201.0,Windows,AMD64,CPython,3.9.7,2021-11-09 12:45:01.489700
11th Gen Intel(R) Core(TM) i7-1165G7 @ 2.80GHz,107534976.0,35367807.0,Windows,AMD64,CPython,3.10.0,2021-11-09 12:48:16.421564
Genuine Intel(R) CPU 0000 @ 2.10GHz,67355488.0,22281143.0,Windows,AMD64,CPython,3.10.0,2021-11-10 17:51:20.443972
Intel(R) Core(TM) i7-9750H CPU @ 2.60GHz,55037657.0,18700378.0,Darwin,x86_64,CPython,3.9.7,2021-11-16 03:28:18.184688
Intel(R) Core(TM) i7-10750H CPU @ 2.60GHz,75800627.0,28299625.0,Linux,x86_64,CPython,3.8.10,2021-12-02 05:02:16.058857
AMD Ryzen 7 4800H with Radeon Graphics,81606672.0,30667132.0,Windows,AMD64,CPython,3.10.1,2021-12-17 03:01:07.279594
Apple M1,97966777.0,34448903.0,Darwin,arm64,CPython,3.9.10,2022-03-15 05:19:59.002659
11th Gen Intel(R) Core(TM) i7-1165G7 @ 2.80GHz,68018419.0,20026354.0,Linux,x86_64,CPython,3.8.10,2022-03-22 12:32:32.269025
Intel(R) Core(TM) i5-8250U CPU @ 1.60GHz,68402119.0,24840288.0,Linux,x86_64,CPython,3.8.10,2022-03-22 12:32:41.825377
Intel(R) Core(TM) i5-4310M CPU @ 2.70GHz,48415365.0,17901673.0,Windows,AMD64,CPython,3.10.2,2022-03-22 12:33:04.669712
Intel(R) Core(TM) i7-10700 CPU @ 2.90GHz,98246872.0,36378646.0,Linux,x86_64,CPython,3.8.10,2022-03-22 12:34:25.207555
Intel(R) Core(TM) i5-8265U CPU @ 1.60GHz,62008197.0,21092774.0,Windows,AMD64,CPython,3.10.3,2022-03-22 12:38:36.809945
Intel(R) Xeon(R) CPU E5-2683 v3 @ 2.00GHz,31819625.0,15012920.0,Linux,x86_64,CPython,3.6.15,2022-04-14 11:16:26.295817
11th Gen Intel(R) Core(TM) i7-11800H @ 2.30GHz,89024205.0,30264420.0,Windows,AMD64,CPython,3.9.8,2022-04-14 12:31:32.934604
Intel(R) Core(TM) i5-9300H CPU @ 2.40GHz,25524724.0,9307685.0,Windows,AMD64,CPython,3.8.3,2022-05-31 08:59:37.856851
AMD Ryzen 5 4600H with Radeon Graphics,75452336.0,29145681.0,Windows,AMD64,CPython,3.10.4,2022-06-01 12:45:10.851138
AMD Ryzen 5 5500U with Radeon Graphics,78288469.0,25263731.0,Linux,x86_64,CPython,3.10.4,2022-06-02 17:31:48.917029
Intel(R) Core(TM) i5-8265U CPU @ 1.60GHz,54484386.0,20304751.0,Linux,x86_64,CPython,3.10.4,2022-06-07 08:08:40.428150
11th Gen Intel(R) Core(TM) i7-1165G7 @ 2.80GHz,35938752.0,22432072.0,Linux,x86_64,CPython,2.7.17,2022-07-07 12:40:11.524948
AMD Ryzen 5 5500U with Radeon Graphics,82266332.0,24564189.0,Linux,x86_64,CPython,3.8.10,2022-07-07 12:40:12.314760
Intel(R) Core(TM) i5-2520M CPU @ 2.50GHz,48693789.0,15787138.0,Linux,x86_64,CPython,3.8.10,2022-07-07 12:40:30.147936
Intel(R) Core(TM) i5-8265U CPU @ 1.60GHz,65744084.0,22813915.0,Linux,x86_64,CPython,3.8.10,2022-07-07 12:40:39.475982
Intel(R) Core(TM) i5-9300H CPU @ 2.40GHz,82221966.0,29707264.0,Linux,x86_64,CPython,3.8.10,2022-07-07 12:41:23.258684
AMD Ryzen 5 4600H with Radeon Graphics,82090530.0,23689107.0,Linux,x86_64,CPython,3.8.10,2022-07-11 03:32:41.632934
Intel(R) Core(TM) i7-8550U CPU @ 1.80GHz,72017017.0,25940417.0,Linux,x86_64,CPython,3.8.10,2022-07-14 03:23:01.369107
11th Gen Intel(R) Core(TM) i5-1135G7 @ 2.40GHz,99162080.0,31801659.0,Windows,AMD64,CPython,3.10.5,2022-08-03 04:44:13.778328
Apple M2,110957004.0,40945919.0,Darwin,arm64,CPython,3.10.6,2022-08-04 05:28:08.592161
Apple M2,111068436.0,40303282.0,Darwin,arm64,CPython,3.10.6,2022-08-04 12:18:02.843853
Intel(R) Core(TM) i7-4870HQ CPU @ 2.50GHz,43187492.0,17493914.0,Darwin,x86_64,CPython,3.8.8,2022-08-05 08:55:40.848051
Intel(R) Core(TM) i7-6820HQ CPU @ 2.70GHz,42554640.0,12414310.0,Windows,AMD64,CPython,3.10.5,2022-08-05 10:29:34.711675
Intel(R) Core(TM) i7-6820HQ CPU @ 2.70GHz,52832900.0,20529833.0,Windows,AMD64,CPython,3.10.5,2022-08-11 13:06:16.739184
Intel(R) Core(TM) i3-4030U CPU @ 1.90GHz,31423575.0,11208715.0,Linux,x86_64,CPython,3.10.4,2022-08-12 00:46:19.463962
11th Gen Intel(R) Core(TM) i5-1135G7 @ 2.40GHz,93169362.0,32747417.0,Linux,x86_64,CPython,3.10.4,2022-08-28 10:17:34.921544
11th Gen Intel(R) Core(TM) i5-1135G7 @ 2.40GHz,86918731.0,28726221.0,Windows,AMD64,CPython,3.10.5,2022-08-28 10:27:06.712135
Intel(R) Core(TM) i5-8265U CPU @ 1.60GHz,66306911.0,24285534.0,Linux,x86_64,CPython,3.8.10,2022-09-02 16:55:06.995442
AMD Ryzen 3 4300U with Radeon Graphics,79302801.0,30315393.0,Linux,x86_64,CPython,3.8.10,2022-09-02 18:02:46.756296
12th Gen Intel(R) Core(TM) i5-12400,130067765.0,46776623.0,Windows,AMD64,CPython,3.10.6,2022-09-02 21:15:47.078702
